<?xml version="1.0" encoding="utf-8"?>
<androidx.drawerlayout.widget.DrawerLayout xmlns:android="http://schemas.android.com/apk/res/android" xmlns:app="http://schemas.android.com/apk/res-auto" xmlns:aapt="http://schemas.android.com/aapt" android:id="@+id/drawer_layout" android:background="@android:color/white" android:paddingLeft="@dimen/activity_horizontal_margin" android:paddingTop="@dimen/activity_vertical_margin" android:paddingRight="@dimen/activity_horizontal_margin" android:paddingBottom="@dimen/activity_vertical_margin" android:layout_width="match_parent" android:layout_height="match_parent">
    <LinearLayout android:orientation="vertical" android:layout_width="match_parent" android:layout_height="match_parent">
        <androidx.appcompat.widget.Toolbar android:id="@+id/toolbar" android:background="?attr/colorPrimary" android:layout_width="match_parent" android:layout_height="wrap_content" android:minHeight="?attr/actionBarSize" app:popupTheme="@style/ThemeOverlay.AppCompat.Light" app:theme="@style/ThemeOverlay.AppCompat.Dark.ActionBar"/>
        <RelativeLayout android:layout_width="match_parent" android:layout_height="match_parent">
            <androidx.swiperefreshlayout.widget.SwipeRefreshLayout android:id="@+id/swiperefresh_items" android:layout_width="match_parent" android:layout_height="match_parent">
                <WebView android:id="@+id/webView" android:layout_width="match_parent" android:layout_height="match_parent" android:layout_alignParentTop="true" android:layout_alignParentStart="true" android:layout_alignParentEnd="true"/>
            </androidx.swiperefreshlayout.widget.SwipeRefreshLayout>
            <ProgressBar android:id="@+id/progressBar" android:layout_width="wrap_content" android:layout_height="wrap_content" android:indeterminate="true" android:layout_centerInParent="true"/>
        </RelativeLayout>
    </LinearLayout>
    <ImageView android:id="@+id/imageView" android:layout_width="wrap_content" android:layout_height="wrap_content" android:src="@drawable/splash" android:scaleType="centerCrop" android:contentDescription=""/>
    <com.google.android.material.navigation.NavigationView android:layout_gravity="start" android:id="@+id/nav_view" android:layout_width="wrap_content" android:layout_height="match_parent" app:headerLayout="@layout/nav_header_main"/>
</androidx.drawerlayout.widget.DrawerLayout>
